{"value_loss": 0.5278042254348596, "policy_loss": -0.02961633785938223, "dist_entropy": 2.9285632292429606, "actor_grad_norm": 0.2883822023868561, "critic_grad_norm": 2.0083842277526855, "ratio": 0.9844850301742554}
{"value_loss": 0.005213538770719121, "policy_loss": -0.026039137080078944, "dist_entropy": 2.9197394688924154, "actor_grad_norm": 0.4200240671634674, "critic_grad_norm": 0.7139797806739807, "ratio": 1.0049370527267456}
{"value_loss": 0.0018915992812253534, "policy_loss": -0.017203752741140003, "dist_entropy": 2.9222789923350017, "actor_grad_norm": 0.4416778087615967, "critic_grad_norm": 0.5800014138221741, "ratio": 0.9978877305984497}
{"value_loss": 1.2897220343351363, "policy_loss": -0.03967250010076289, "dist_entropy": 2.9142205556233725, "actor_grad_norm": 0.4578547179698944, "critic_grad_norm": 2.751375675201416, "ratio": 0.9964480996131897}
{"value_loss": 0.035712289003034435, "policy_loss": -0.03569229319691658, "dist_entropy": 2.9373123248418174, "actor_grad_norm": 0.4382324814796448, "critic_grad_norm": 1.5663634538650513, "ratio": 0.9996469020843506}
{"value_loss": 2.2291074713071186, "policy_loss": -0.040116476671149336, "dist_entropy": 2.9290535847345986, "actor_grad_norm": 0.44127845764160156, "critic_grad_norm": 2.969219923019409, "ratio": 0.9894066452980042}
{"value_loss": 0.24785967419544855, "policy_loss": -0.038081686132742716, "dist_entropy": 2.9116228818893433, "actor_grad_norm": 0.516414999961853, "critic_grad_norm": 1.720654010772705, "ratio": 1.0017410516738892}
{"value_loss": 0.0009138072899077087, "policy_loss": -0.025737883573553215, "dist_entropy": 2.885719347000122, "actor_grad_norm": 0.5839205980300903, "critic_grad_norm": 0.2288399189710617, "ratio": 1.0014910697937012}
{"value_loss": 0.5278042254348596, "policy_loss": -0.02961633785938223, "dist_entropy": 2.9285632292429606, "actor_grad_norm": 0.2883822023868561, "critic_grad_norm": 2.0083842277526855, "ratio": 0.9844850301742554}
{"value_loss": 0.005213538770719121, "policy_loss": -0.026039137080078944, "dist_entropy": 2.9197394688924154, "actor_grad_norm": 0.4200240671634674, "critic_grad_norm": 0.7139797806739807, "ratio": 1.0049370527267456}
{"value_loss": 0.0018915992812253534, "policy_loss": -0.017203752741140003, "dist_entropy": 2.9222789923350017, "actor_grad_norm": 0.4416778087615967, "critic_grad_norm": 0.5800014138221741, "ratio": 0.9978877305984497}
{"value_loss": 1.2897220343351363, "policy_loss": -0.03967250010076289, "dist_entropy": 2.9142205556233725, "actor_grad_norm": 0.4578547179698944, "critic_grad_norm": 2.751375675201416, "ratio": 0.9964480996131897}
{"value_loss": 0.5278042254348596, "policy_loss": -0.02961633785938223, "dist_entropy": 2.9285632292429606, "actor_grad_norm": 0.2883822023868561, "critic_grad_norm": 2.0083842277526855, "ratio": 0.9844850301742554}
{"value_loss": 0.005213538770719121, "policy_loss": -0.026039137080078944, "dist_entropy": 2.9197394688924154, "actor_grad_norm": 0.4200240671634674, "critic_grad_norm": 0.7139797806739807, "ratio": 1.0049370527267456}
{"value_loss": 0.0018915992812253534, "policy_loss": -0.017203752741140003, "dist_entropy": 2.9222789923350017, "actor_grad_norm": 0.4416778087615967, "critic_grad_norm": 0.5800014138221741, "ratio": 0.9978877305984497}
{"value_loss": 1.2897220343351363, "policy_loss": -0.03967250010076289, "dist_entropy": 2.9142205556233725, "actor_grad_norm": 0.4578547179698944, "critic_grad_norm": 2.751375675201416, "ratio": 0.9964480996131897}
{"value_loss": 0.035712289003034435, "policy_loss": -0.03569229319691658, "dist_entropy": 2.9373123248418174, "actor_grad_norm": 0.4382324814796448, "critic_grad_norm": 1.5663634538650513, "ratio": 0.9996469020843506}
{"value_loss": 2.2291074713071186, "policy_loss": -0.040116476671149336, "dist_entropy": 2.9290535847345986, "actor_grad_norm": 0.44127845764160156, "critic_grad_norm": 2.969219923019409, "ratio": 0.9894066452980042}
{"value_loss": 0.24785967419544855, "policy_loss": -0.038081686132742716, "dist_entropy": 2.9116228818893433, "actor_grad_norm": 0.516414999961853, "critic_grad_norm": 1.720654010772705, "ratio": 1.0017410516738892}
{"value_loss": 0.0009138072899077087, "policy_loss": -0.025737883573553215, "dist_entropy": 2.885719347000122, "actor_grad_norm": 0.5839205980300903, "critic_grad_norm": 0.2288399189710617, "ratio": 1.0014910697937012}
{"value_loss": 0.5278042254348596, "policy_loss": -0.02961633785938223, "dist_entropy": 2.9285632292429606, "actor_grad_norm": 0.2883822023868561, "critic_grad_norm": 2.0083842277526855, "ratio": 0.9844850301742554}
{"value_loss": 0.005213538770719121, "policy_loss": -0.026039137080078944, "dist_entropy": 2.9197394688924154, "actor_grad_norm": 0.4200240671634674, "critic_grad_norm": 0.7139797806739807, "ratio": 1.0049370527267456}
{"value_loss": 0.0018915992812253534, "policy_loss": -0.017203752741140003, "dist_entropy": 2.9222789923350017, "actor_grad_norm": 0.4416778087615967, "critic_grad_norm": 0.5800014138221741, "ratio": 0.9978877305984497}
{"value_loss": 1.2897220343351363, "policy_loss": -0.03967250010076289, "dist_entropy": 2.9142205556233725, "actor_grad_norm": 0.4578547179698944, "critic_grad_norm": 2.751375675201416, "ratio": 0.9964480996131897}
